[{
    "model": "admin.logentry",
    "pk": 1,
    "fields": {
        "action_time": "2021-04-26T20:40:24.648Z",
        "user": 1,
        "content_type": 14,
        "object_id": "1",
        "object_repr": "red_wine",
        "action_flag": 1,
        "change_message": "[{\"added\": {}}]"
    }
}, {
    "model": "admin.logentry",
    "pk": 2,
    "fields": {
        "action_time": "2021-04-26T20:40:32.422Z",
        "user": 1,
        "content_type": 14,
        "object_id": "2",
        "object_repr": "white_wine",
        "action_flag": 1,
        "change_message": "[{\"added\": {}}]"
    }
}, {
    "model": "admin.logentry",
    "pk": 3,
    "fields": {
        "action_time": "2021-04-26T20:40:42.489Z",
        "user": 1,
        "content_type": 14,
        "object_id": "3",
        "object_repr": "soft_cheese",
        "action_flag": 1,
        "change_message": "[{\"added\": {}}]"
    }
}, {
    "model": "admin.logentry",
    "pk": 4,
    "fields": {
        "action_time": "2021-04-26T20:40:53.414Z",
        "user": 1,
        "content_type": 14,
        "object_id": "4",
        "object_repr": "hard_cheese",
        "action_flag": 1,
        "change_message": "[{\"added\": {}}]"
    }
}, {
    "model": "admin.logentry",
    "pk": 5,
    "fields": {
        "action_time": "2021-04-26T20:48:17.617Z",
        "user": 1,
        "content_type": 13,
        "object_id": "1",
        "object_repr": "Dan's Homemade Pinotage",
        "action_flag": 1,
        "change_message": "[{\"added\": {}}]"
    }
}, {
    "model": "admin.logentry",
    "pk": 6,
    "fields": {
        "action_time": "2021-04-26T21:09:24.440Z",
        "user": 1,
        "content_type": 13,
        "object_id": "2",
        "object_repr": "Magnificent Merlot",
        "action_flag": 1,
        "change_message": "[{\"added\": {}}]"
    }
}, {
    "model": "admin.logentry",
    "pk": 7,
    "fields": {
        "action_time": "2021-05-03T14:49:45.532Z",
        "user": 1,
        "content_type": 13,
        "object_id": "3",
        "object_repr": "Test Wine 1",
        "action_flag": 1,
        "change_message": "[{\"added\": {}}]"
    }
}, {
    "model": "admin.logentry",
    "pk": 8,
    "fields": {
        "action_time": "2021-05-03T14:50:21.128Z",
        "user": 1,
        "content_type": 13,
        "object_id": "4",
        "object_repr": "Test Wine 2",
        "action_flag": 1,
        "change_message": "[{\"added\": {}}]"
    }
}, {
    "model": "admin.logentry",
    "pk": 9,
    "fields": {
        "action_time": "2021-05-03T14:50:48.926Z",
        "user": 1,
        "content_type": 13,
        "object_id": "5",
        "object_repr": "Test Wine 3",
        "action_flag": 1,
        "change_message": "[{\"added\": {}}]"
    }
}, {
    "model": "admin.logentry",
    "pk": 10,
    "fields": {
        "action_time": "2021-05-03T14:51:24.700Z",
        "user": 1,
        "content_type": 13,
        "object_id": "4",
        "object_repr": "Test Wine 2",
        "action_flag": 2,
        "change_message": "[{\"changed\": {\"fields\": [\"Image\"]}}]"
    }
}, {
    "model": "admin.logentry",
    "pk": 11,
    "fields": {
        "action_time": "2021-05-16T14:01:47.737Z",
        "user": 1,
        "content_type": 14,
        "object_id": "5",
        "object_repr": "dessert_wine",
        "action_flag": 1,
        "change_message": "[{\"added\": {}}]"
    }
}, {
    "model": "admin.logentry",
    "pk": 12,
    "fields": {
        "action_time": "2021-05-16T14:01:55.291Z",
        "user": 1,
        "content_type": 14,
        "object_id": "5",
        "object_repr": "dessert_wine",
        "action_flag": 2,
        "change_message": "[{\"changed\": {\"fields\": [\"Friendly name\"]}}]"
    }
}, {
    "model": "admin.logentry",
    "pk": 13,
    "fields": {
        "action_time": "2021-05-16T14:01:58.836Z",
        "user": 1,
        "content_type": 14,
        "object_id": "1",
        "object_repr": "red_wine",
        "action_flag": 2,
        "change_message": "[]"
    }
}, {
    "model": "admin.logentry",
    "pk": 14,
    "fields": {
        "action_time": "2021-05-16T14:02:16.126Z",
        "user": 1,
        "content_type": 14,
        "object_id": "6",
        "object_repr": "extras",
        "action_flag": 1,
        "change_message": "[{\"added\": {}}]"
    }
}, {
    "model": "admin.logentry",
    "pk": 15,
    "fields": {
        "action_time": "2021-05-16T14:35:37.015Z",
        "user": 1,
        "content_type": 13,
        "object_id": "1",
        "object_repr": "Chateau Bois Pertuis",
        "action_flag": 2,
        "change_message": "[{\"changed\": {\"fields\": [\"Name\"]}}]"
    }
}, {
    "model": "admin.logentry",
    "pk": 16,
    "fields": {
        "action_time": "2021-05-16T14:36:07.039Z",
        "user": 1,
        "content_type": 13,
        "object_id": "2",
        "object_repr": "Estepa Reserve Merlot",
        "action_flag": 2,
        "change_message": "[{\"changed\": {\"fields\": [\"Name\"]}}]"
    }
}, {
    "model": "admin.logentry",
    "pk": 17,
    "fields": {
        "action_time": "2021-05-16T14:36:45.230Z",
        "user": 1,
        "content_type": 13,
        "object_id": "3",
        "object_repr": "La Grande Allee Bordeaux",
        "action_flag": 2,
        "change_message": "[{\"changed\": {\"fields\": [\"Name\", \"Image\"]}}]"
    }
}, {
    "model": "admin.logentry",
    "pk": 18,
    "fields": {
        "action_time": "2021-05-16T14:37:17.010Z",
        "user": 1,
        "content_type": 13,
        "object_id": "4",
        "object_repr": "Santa Carolina Coupage",
        "action_flag": 2,
        "change_message": "[{\"changed\": {\"fields\": [\"Name\", \"Image\"]}}]"
    }
}, {
    "model": "admin.logentry",
    "pk": 19,
    "fields": {
        "action_time": "2021-05-16T14:37:48.842Z",
        "user": 1,
        "content_type": 13,
        "object_id": "5",
        "object_repr": "Penfolds Kalimna",
        "action_flag": 2,
        "change_message": "[{\"changed\": {\"fields\": [\"Name\", \"Image\"]}}]"
    }
}, {
    "model": "admin.logentry",
    "pk": 20,
    "fields": {
        "action_time": "2021-05-16T14:38:46.275Z",
        "user": 1,
        "content_type": 13,
        "object_id": "6",
        "object_repr": "Nuits Saint Georges",
        "action_flag": 1,
        "change_message": "[{\"added\": {}}]"
    }
}, {
    "model": "admin.logentry",
    "pk": 21,
    "fields": {
        "action_time": "2021-05-16T14:39:32.354Z",
        "user": 1,
        "content_type": 13,
        "object_id": "7",
        "object_repr": "Penfolds Grande Hermitage",
        "action_flag": 1,
        "change_message": "[{\"added\": {}}]"
    }
}, {
    "model": "admin.logentry",
    "pk": 22,
    "fields": {
        "action_time": "2021-05-16T14:40:17.821Z",
        "user": 1,
        "content_type": 13,
        "object_id": "8",
        "object_repr": "Portalegre Alentejo",
        "action_flag": 1,
        "change_message": "[{\"added\": {}}]"
    }
}, {
    "model": "admin.logentry",
    "pk": 23,
    "fields": {
        "action_time": "2021-05-16T14:41:03.440Z",
        "user": 1,
        "content_type": 13,
        "object_id": "9",
        "object_repr": "Smith and Hook",
        "action_flag": 1,
        "change_message": "[{\"added\": {}}]"
    }
}, {
    "model": "admin.logentry",
    "pk": 24,
    "fields": {
        "action_time": "2021-05-16T14:41:54.392Z",
        "user": 1,
        "content_type": 13,
        "object_id": "10",
        "object_repr": "Swartland Pinotage",
        "action_flag": 1,
        "change_message": "[{\"added\": {}}]"
    }
}, {
    "model": "admin.logentry",
    "pk": 25,
    "fields": {
        "action_time": "2021-05-16T14:42:07.296Z",
        "user": 1,
        "content_type": 13,
        "object_id": "10",
        "object_repr": "Swartland Pinotage",
        "action_flag": 2,
        "change_message": "[{\"changed\": {\"fields\": [\"Sku\"]}}]"
    }
}, {
    "model": "admin.logentry",
    "pk": 26,
    "fields": {
        "action_time": "2021-05-16T14:43:11.927Z",
        "user": 1,
        "content_type": 13,
        "object_id": "11",
        "object_repr": "Thalia Syrah",
        "action_flag": 1,
        "change_message": "[{\"added\": {}}]"
    }
}, {
    "model": "admin.logentry",
    "pk": 27,
    "fields": {
        "action_time": "2021-05-16T14:43:48.819Z",
        "user": 1,
        "content_type": 13,
        "object_id": "12",
        "object_repr": "Werken Syrah",
        "action_flag": 1,
        "change_message": "[{\"added\": {}}]"
    }
}, {
    "model": "admin.logentry",
    "pk": 28,
    "fields": {
        "action_time": "2021-05-16T14:45:17.027Z",
        "user": 1,
        "content_type": 13,
        "object_id": "13",
        "object_repr": "Moschofilero Boutari",
        "action_flag": 1,
        "change_message": "[{\"added\": {}}]"
    }
}, {
    "model": "admin.logentry",
    "pk": 29,
    "fields": {
        "action_time": "2021-05-16T14:45:30.661Z",
        "user": 1,
        "content_type": 13,
        "object_id": "13",
        "object_repr": "Moschofilero Boutari",
        "action_flag": 2,
        "change_message": "[{\"changed\": {\"fields\": [\"Sku\"]}}]"
    }
}, {
    "model": "admin.logentry",
    "pk": 30,
    "fields": {
        "action_time": "2021-05-16T14:46:54.566Z",
        "user": 1,
        "content_type": 13,
        "object_id": "14",
        "object_repr": "Granger Bay Sauvignon Blanc",
        "action_flag": 1,
        "change_message": "[{\"added\": {}}]"
    }
}, {
    "model": "admin.logentry",
    "pk": 31,
    "fields": {
        "action_time": "2021-05-16T14:47:42.863Z",
        "user": 1,
        "content_type": 13,
        "object_id": "15",
        "object_repr": "Leopard's Leap",
        "action_flag": 1,
        "change_message": "[{\"added\": {}}]"
    }
}, {
    "model": "admin.logentry",
    "pk": 32,
    "fields": {
        "action_time": "2021-05-16T14:48:37.259Z",
        "user": 1,
        "content_type": 13,
        "object_id": "16",
        "object_repr": "Lugana",
        "action_flag": 1,
        "change_message": "[{\"added\": {}}]"
    }
}, {
    "model": "admin.logentry",
    "pk": 33,
    "fields": {
        "action_time": "2021-05-16T14:49:51.872Z",
        "user": 1,
        "content_type": 13,
        "object_id": "17",
        "object_repr": "Nobilo of New Zealand",
        "action_flag": 1,
        "change_message": "[{\"added\": {}}]"
    }
}, {
    "model": "admin.logentry",
    "pk": 34,
    "fields": {
        "action_time": "2021-05-16T14:51:07.353Z",
        "user": 1,
        "content_type": 13,
        "object_id": "18",
        "object_repr": "Lheraud Pineau Blanc",
        "action_flag": 1,
        "change_message": "[{\"added\": {}}]"
    }
}, {
    "model": "admin.logentry",
    "pk": 35,
    "fields": {
        "action_time": "2021-05-16T14:52:14.898Z",
        "user": 1,
        "content_type": 13,
        "object_id": "19",
        "object_repr": "FB - Privat",
        "action_flag": 1,
        "change_message": "[{\"added\": {}}]"
    }
}, {
    "model": "admin.logentry",
    "pk": 36,
    "fields": {
        "action_time": "2021-05-16T14:53:17.855Z",
        "user": 1,
        "content_type": 13,
        "object_id": "20",
        "object_repr": "Rheingau Riesling",
        "action_flag": 1,
        "change_message": "[{\"added\": {}}]"
    }
}, {
    "model": "admin.logentry",
    "pk": 37,
    "fields": {
        "action_time": "2021-05-16T14:54:22.898Z",
        "user": 1,
        "content_type": 13,
        "object_id": "21",
        "object_repr": "Schoffit of Alsace",
        "action_flag": 1,
        "change_message": "[{\"added\": {}}]"
    }
}, {
    "model": "admin.logentry",
    "pk": 38,
    "fields": {
        "action_time": "2021-05-16T14:55:14.585Z",
        "user": 1,
        "content_type": 13,
        "object_id": "22",
        "object_repr": "Tokaji Aszu",
        "action_flag": 1,
        "change_message": "[{\"added\": {}}]"
    }
}, {
    "model": "admin.logentry",
    "pk": 39,
    "fields": {
        "action_time": "2021-05-16T14:55:49.558Z",
        "user": 1,
        "content_type": 13,
        "object_id": "23",
        "object_repr": "Waterside Chardonnay",
        "action_flag": 1,
        "change_message": "[{\"added\": {}}]"
    }
}, {
    "model": "admin.logentry",
    "pk": 40,
    "fields": {
        "action_time": "2021-05-16T14:56:43.705Z",
        "user": 1,
        "content_type": 13,
        "object_id": "24",
        "object_repr": "Willamette Valley Pinot Blanc",
        "action_flag": 1,
        "change_message": "[{\"added\": {}}]"
    }
}, {
    "model": "admin.logentry",
    "pk": 41,
    "fields": {
        "action_time": "2021-05-16T15:02:18.973Z",
        "user": 1,
        "content_type": 13,
        "object_id": "25",
        "object_repr": "Delaforce Ruby Port",
        "action_flag": 1,
        "change_message": "[{\"added\": {}}]"
    }
}, {
    "model": "admin.logentry",
    "pk": 42,
    "fields": {
        "action_time": "2021-05-16T15:03:02.920Z",
        "user": 1,
        "content_type": 13,
        "object_id": "26",
        "object_repr": "Ferreira Port",
        "action_flag": 1,
        "change_message": "[{\"added\": {}}]"
    }
}, {
    "model": "admin.logentry",
    "pk": 43,
    "fields": {
        "action_time": "2021-05-16T15:03:43.470Z",
        "user": 1,
        "content_type": 13,
        "object_id": "27",
        "object_repr": "Cruz Port of Porto",
        "action_flag": 1,
        "change_message": "[{\"added\": {}}]"
    }
}, {
    "model": "admin.logentry",
    "pk": 44,
    "fields": {
        "action_time": "2021-05-16T15:05:13.445Z",
        "user": 1,
        "content_type": 13,
        "object_id": "28",
        "object_repr": "Chateau d'Uquem Sauternes",
        "action_flag": 1,
        "change_message": "[{\"added\": {}}]"
    }
}, {
    "model": "admin.logentry",
    "pk": 45,
    "fields": {
        "action_time": "2021-05-16T15:09:47.676Z",
        "user": 1,
        "content_type": 13,
        "object_id": "29",
        "object_repr": "Chateau Guilhem Sauternes",
        "action_flag": 1,
        "change_message": "[{\"added\": {}}]"
    }
}, {
    "model": "admin.logentry",
    "pk": 46,
    "fields": {
        "action_time": "2021-05-16T15:11:02.592Z",
        "user": 1,
        "content_type": 13,
        "object_id": "30",
        "object_repr": "Chateau de Grande Camembert",
        "action_flag": 1,
        "change_message": "[{\"added\": {}}]"
    }
}, {
    "model": "admin.logentry",
    "pk": 47,
    "fields": {
        "action_time": "2021-05-16T15:12:37.878Z",
        "user": 1,
        "content_type": 13,
        "object_id": "31",
        "object_repr": "Fougerus de France",
        "action_flag": 1,
        "change_message": "[{\"added\": {}}]"
    }
}, {
    "model": "admin.logentry",
    "pk": 48,
    "fields": {
        "action_time": "2021-05-16T15:13:39.971Z",
        "user": 1,
        "content_type": 13,
        "object_id": "32",
        "object_repr": "Saint Albray",
        "action_flag": 1,
        "change_message": "[{\"added\": {}}]"
    }
}, {
    "model": "admin.logentry",
    "pk": 49,
    "fields": {
        "action_time": "2021-05-16T15:15:01.054Z",
        "user": 1,
        "content_type": 13,
        "object_id": "33",
        "object_repr": "Limburger",
        "action_flag": 1,
        "change_message": "[{\"added\": {}}]"
    }
}, {
    "model": "admin.logentry",
    "pk": 50,
    "fields": {
        "action_time": "2021-05-16T15:16:02.763Z",
        "user": 1,
        "content_type": 13,
        "object_id": "34",
        "object_repr": "Chevre of South France",
        "action_flag": 1,
        "change_message": "[{\"added\": {}}]"
    }
}, {
    "model": "admin.logentry",
    "pk": 51,
    "fields": {
        "action_time": "2021-05-16T15:17:24.660Z",
        "user": 1,
        "content_type": 13,
        "object_id": "35",
        "object_repr": "Coeur de Bray",
        "action_flag": 1,
        "change_message": "[{\"added\": {}}]"
    }
}, {
    "model": "admin.logentry",
    "pk": 52,
    "fields": {
        "action_time": "2021-05-16T15:17:52.821Z",
        "user": 1,
        "content_type": 13,
        "object_id": "35",
        "object_repr": "Coeur de Bray",
        "action_flag": 2,
        "change_message": "[{\"changed\": {\"fields\": [\"Price\", \"Image\"]}}]"
    }
}, {
    "model": "admin.logentry",
    "pk": 53,
    "fields": {
        "action_time": "2021-05-16T15:18:32.734Z",
        "user": 1,
        "content_type": 13,
        "object_id": "36",
        "object_repr": "Brie D'Auvergne",
        "action_flag": 1,
        "change_message": "[{\"added\": {}}]"
    }
}, {
    "model": "admin.logentry",
    "pk": 54,
    "fields": {
        "action_time": "2021-05-16T15:19:55.374Z",
        "user": 1,
        "content_type": 13,
        "object_id": "37",
        "object_repr": "Fontina of Italy",
        "action_flag": 1,
        "change_message": "[{\"added\": {}}]"
    }
}, {
    "model": "admin.logentry",
    "pk": 55,
    "fields": {
        "action_time": "2021-05-16T15:20:42.859Z",
        "user": 1,
        "content_type": 13,
        "object_id": "38",
        "object_repr": "French Munster",
        "action_flag": 1,
        "change_message": "[{\"added\": {}}]"
    }
}, {
    "model": "admin.logentry",
    "pk": 56,
    "fields": {
        "action_time": "2021-05-16T15:21:37.737Z",
        "user": 1,
        "content_type": 13,
        "object_id": "39",
        "object_repr": "Ash-Coated Ricotta",
        "action_flag": 1,
        "change_message": "[{\"added\": {}}]"
    }
}, {
    "model": "admin.logentry",
    "pk": 57,
    "fields": {
        "action_time": "2021-05-16T15:22:32.936Z",
        "user": 1,
        "content_type": 13,
        "object_id": "40",
        "object_repr": "Chaumes",
        "action_flag": 1,
        "change_message": "[{\"added\": {}}]"
    }
}, {
    "model": "admin.logentry",
    "pk": 58,
    "fields": {
        "action_time": "2021-05-16T15:22:56.130Z",
        "user": 1,
        "content_type": 13,
        "object_id": "41",
        "object_repr": "Gorgonzola",
        "action_flag": 1,
        "change_message": "[{\"added\": {}}]"
    }
}, {
    "model": "admin.logentry",
    "pk": 59,
    "fields": {
        "action_time": "2021-05-16T15:25:59.657Z",
        "user": 1,
        "content_type": 13,
        "object_id": "42",
        "object_repr": "Jarlsberg",
        "action_flag": 1,
        "change_message": "[{\"added\": {}}]"
    }
}, {
    "model": "admin.logentry",
    "pk": 60,
    "fields": {
        "action_time": "2021-05-16T15:26:56.956Z",
        "user": 1,
        "content_type": 13,
        "object_id": "43",
        "object_repr": "Gruyere",
        "action_flag": 1,
        "change_message": "[{\"added\": {}}]"
    }
}, {
    "model": "admin.logentry",
    "pk": 61,
    "fields": {
        "action_time": "2021-05-16T15:28:04.938Z",
        "user": 1,
        "content_type": 13,
        "object_id": "44",
        "object_repr": "Munster of Germany",
        "action_flag": 1,
        "change_message": "[{\"added\": {}}]"
    }
}, {
    "model": "admin.logentry",
    "pk": 62,
    "fields": {
        "action_time": "2021-05-16T15:28:45.719Z",
        "user": 1,
        "content_type": 13,
        "object_id": "45",
        "object_repr": "Edam",
        "action_flag": 1,
        "change_message": "[{\"added\": {}}]"
    }
}, {
    "model": "admin.logentry",
    "pk": 63,
    "fields": {
        "action_time": "2021-05-16T15:29:31.213Z",
        "user": 1,
        "content_type": 13,
        "object_id": "46",
        "object_repr": "Red Dragon",
        "action_flag": 1,
        "change_message": "[{\"added\": {}}]"
    }
}, {
    "model": "admin.logentry",
    "pk": 64,
    "fields": {
        "action_time": "2021-05-16T15:30:11.287Z",
        "user": 1,
        "content_type": 13,
        "object_id": "47",
        "object_repr": "Colby Jack",
        "action_flag": 1,
        "change_message": "[{\"added\": {}}]"
    }
}, {
    "model": "admin.logentry",
    "pk": 65,
    "fields": {
        "action_time": "2021-05-16T15:31:23.054Z",
        "user": 1,
        "content_type": 13,
        "object_id": "48",
        "object_repr": "Cabrales of Spain",
        "action_flag": 1,
        "change_message": "[{\"added\": {}}]"
    }
}, {
    "model": "admin.logentry",
    "pk": 66,
    "fields": {
        "action_time": "2021-05-16T15:32:10.982Z",
        "user": 1,
        "content_type": 13,
        "object_id": "49",
        "object_repr": "Red Windsor",
        "action_flag": 1,
        "change_message": "[{\"added\": {}}]"
    }
}, {
    "model": "admin.logentry",
    "pk": 67,
    "fields": {
        "action_time": "2021-05-16T15:33:00.486Z",
        "user": 1,
        "content_type": 13,
        "object_id": "50",
        "object_repr": "Meule D'Alsace",
        "action_flag": 1,
        "change_message": "[{\"added\": {}}]"
    }
}, {
    "model": "admin.logentry",
    "pk": 68,
    "fields": {
        "action_time": "2021-05-16T15:33:38.571Z",
        "user": 1,
        "content_type": 13,
        "object_id": "51",
        "object_repr": "Zamorano",
        "action_flag": 1,
        "change_message": "[{\"added\": {}}]"
    }
}, {
    "model": "admin.logentry",
    "pk": 69,
    "fields": {
        "action_time": "2021-05-16T15:34:30.055Z",
        "user": 1,
        "content_type": 13,
        "object_id": "52",
        "object_repr": "Parmigiano-Reggiano",
        "action_flag": 1,
        "change_message": "[{\"added\": {}}]"
    }
}, {
    "model": "admin.logentry",
    "pk": 70,
    "fields": {
        "action_time": "2021-05-16T15:35:09.079Z",
        "user": 1,
        "content_type": 13,
        "object_id": "53",
        "object_repr": "Port Salut",
        "action_flag": 1,
        "change_message": "[{\"added\": {}}]"
    }
}, {
    "model": "admin.logentry",
    "pk": 71,
    "fields": {
        "action_time": "2021-05-16T15:38:19.464Z",
        "user": 1,
        "content_type": 13,
        "object_id": "54",
        "object_repr": "Sensational Striped White",
        "action_flag": 1,
        "change_message": "[{\"added\": {}}]"
    }
}, {
    "model": "admin.logentry",
    "pk": 72,
    "fields": {
        "action_time": "2021-05-16T15:38:55.711Z",
        "user": 1,
        "content_type": 13,
        "object_id": "55",
        "object_repr": "Stonebaked Round",
        "action_flag": 1,
        "change_message": "[{\"added\": {}}]"
    }
}, {
    "model": "admin.logentry",
    "pk": 73,
    "fields": {
        "action_time": "2021-05-16T15:39:33.105Z",
        "user": 1,
        "content_type": 13,
        "object_id": "56",
        "object_repr": "Seeded Artisan",
        "action_flag": 1,
        "change_message": "[{\"added\": {}}]"
    }
}, {
    "model": "admin.logentry",
    "pk": 74,
    "fields": {
        "action_time": "2021-05-16T15:40:18.955Z",
        "user": 1,
        "content_type": 13,
        "object_id": "57",
        "object_repr": "Long Rye French Stick",
        "action_flag": 1,
        "change_message": "[{\"added\": {}}]"
    }
}, {
    "model": "admin.logentry",
    "pk": 75,
    "fields": {
        "action_time": "2021-05-16T15:41:09.179Z",
        "user": 1,
        "content_type": 13,
        "object_id": "58",
        "object_repr": "Black and Blueberry Chutney",
        "action_flag": 1,
        "change_message": "[{\"added\": {}}]"
    }
}, {
    "model": "admin.logentry",
    "pk": 76,
    "fields": {
        "action_time": "2021-05-16T15:41:46.347Z",
        "user": 1,
        "content_type": 13,
        "object_id": "59",
        "object_repr": "Red Onion Chutney",
        "action_flag": 1,
        "change_message": "[{\"added\": {}}]"
    }
}, {
    "model": "admin.logentry",
    "pk": 77,
    "fields": {
        "action_time": "2021-05-16T15:42:25.422Z",
        "user": 1,
        "content_type": 13,
        "object_id": "60",
        "object_repr": "Apricot Chutney",
        "action_flag": 1,
        "change_message": "[{\"added\": {}}]"
    }
}, {
    "model": "admin.logentry",
    "pk": 78,
    "fields": {
        "action_time": "2021-05-16T15:42:55.419Z",
        "user": 1,
        "content_type": 13,
        "object_id": "61",
        "object_repr": "Wholewheat Crackers",
        "action_flag": 1,
        "change_message": "[{\"added\": {}}]"
    }
}, {
    "model": "admin.logentry",
    "pk": 79,
    "fields": {
        "action_time": "2021-05-16T15:43:17.275Z",
        "user": 1,
        "content_type": 13,
        "object_id": "62",
        "object_repr": "Dark Wheat Crackers",
        "action_flag": 1,
        "change_message": "[{\"added\": {}}]"
    }
}, {
    "model": "admin.logentry",
    "pk": 80,
    "fields": {
        "action_time": "2021-05-16T19:11:18.942Z",
        "user": 1,
        "content_type": 13,
        "object_id": "1",
        "object_repr": "Chateau Bois Pertuis",
        "action_flag": 2,
        "change_message": "[{\"changed\": {\"fields\": [\"Description\"]}}]"
    }
}, {
    "model": "admin.logentry",
    "pk": 81,
    "fields": {
        "action_time": "2021-05-16T19:12:51.471Z",
        "user": 1,
        "content_type": 13,
        "object_id": "2",
        "object_repr": "Estepa Reserve Merlot",
        "action_flag": 2,
        "change_message": "[{\"changed\": {\"fields\": [\"Description\"]}}]"
    }
}, {
    "model": "admin.logentry",
    "pk": 82,
    "fields": {
        "action_time": "2021-05-16T19:13:58.371Z",
        "user": 1,
        "content_type": 13,
        "object_id": "3",
        "object_repr": "La Grande Allee Bordeaux",
        "action_flag": 2,
        "change_message": "[{\"changed\": {\"fields\": [\"Description\"]}}]"
    }
}, {
    "model": "admin.logentry",
    "pk": 83,
    "fields": {
        "action_time": "2021-05-16T19:15:39.636Z",
        "user": 1,
        "content_type": 13,
        "object_id": "4",
        "object_repr": "Santa Carolina Coupage",
        "action_flag": 2,
        "change_message": "[{\"changed\": {\"fields\": [\"Description\"]}}]"
    }
}, {
    "model": "admin.logentry",
    "pk": 84,
    "fields": {
        "action_time": "2021-05-16T19:17:52.081Z",
        "user": 1,
        "content_type": 13,
        "object_id": "5",
        "object_repr": "Penfolds Kalimna",
        "action_flag": 2,
        "change_message": "[{\"changed\": {\"fields\": [\"Description\"]}}]"
    }
}, {
    "model": "admin.logentry",
    "pk": 85,
    "fields": {
        "action_time": "2021-05-16T19:23:18.960Z",
        "user": 1,
        "content_type": 13,
        "object_id": "6",
        "object_repr": "Nuits Saint Georges",
        "action_flag": 2,
        "change_message": "[{\"changed\": {\"fields\": [\"Description\"]}}]"
    }
}, {
    "model": "admin.logentry",
    "pk": 86,
    "fields": {
        "action_time": "2021-05-16T19:26:57.540Z",
        "user": 1,
        "content_type": 13,
        "object_id": "7",
        "object_repr": "Penfolds Grande Hermitage",
        "action_flag": 2,
        "change_message": "[{\"changed\": {\"fields\": [\"Description\"]}}]"
    }
}, {
    "model": "admin.logentry",
    "pk": 87,
    "fields": {
        "action_time": "2021-05-16T19:33:07.364Z",
        "user": 1,
        "content_type": 13,
        "object_id": "8",
        "object_repr": "Portalegre Alentejo",
        "action_flag": 2,
        "change_message": "[{\"changed\": {\"fields\": [\"Description\"]}}]"
    }
}, {
    "model": "admin.logentry",
    "pk": 88,
    "fields": {
        "action_time": "2021-05-16T19:35:26.331Z",
        "user": 1,
        "content_type": 13,
        "object_id": "9",
        "object_repr": "Smith and Hook",
        "action_flag": 2,
        "change_message": "[{\"changed\": {\"fields\": [\"Description\"]}}]"
    }
}, {
    "model": "admin.logentry",
    "pk": 89,
    "fields": {
        "action_time": "2021-05-16T19:36:30.049Z",
        "user": 1,
        "content_type": 13,
        "object_id": "15",
        "object_repr": "Leopard's Leap",
        "action_flag": 2,
        "change_message": "[{\"changed\": {\"fields\": [\"Image\"]}}]"
    }
}, {
    "model": "admin.logentry",
    "pk": 90,
    "fields": {
        "action_time": "2021-05-16T19:36:46.645Z",
        "user": 1,
        "content_type": 13,
        "object_id": "22",
        "object_repr": "Tokaji Aszu",
        "action_flag": 2,
        "change_message": "[{\"changed\": {\"fields\": [\"Image\"]}}]"
    }
}, {
    "model": "admin.logentry",
    "pk": 91,
    "fields": {
        "action_time": "2021-05-16T19:37:53.216Z",
        "user": 1,
        "content_type": 13,
        "object_id": "32",
        "object_repr": "Saint Albray",
        "action_flag": 2,
        "change_message": "[{\"changed\": {\"fields\": [\"Image\"]}}]"
    }
}, {
    "model": "admin.logentry",
    "pk": 92,
    "fields": {
        "action_time": "2021-05-16T19:39:54.518Z",
        "user": 1,
        "content_type": 13,
        "object_id": "10",
        "object_repr": "Swartland Pinotage",
        "action_flag": 2,
        "change_message": "[{\"changed\": {\"fields\": [\"Description\"]}}]"
    }
}, {
    "model": "admin.logentry",
    "pk": 93,
    "fields": {
        "action_time": "2021-05-16T19:44:03.367Z",
        "user": 1,
        "content_type": 13,
        "object_id": "11",
        "object_repr": "Thalia Syrah",
        "action_flag": 2,
        "change_message": "[{\"changed\": {\"fields\": [\"Description\"]}}]"
    }
}, {
    "model": "admin.logentry",
    "pk": 94,
    "fields": {
        "action_time": "2021-05-16T19:46:11.980Z",
        "user": 1,
        "content_type": 13,
        "object_id": "12",
        "object_repr": "Werken Syrah",
        "action_flag": 2,
        "change_message": "[{\"changed\": {\"fields\": [\"Description\"]}}]"
    }
}, {
    "model": "admin.logentry",
    "pk": 95,
    "fields": {
        "action_time": "2021-05-16T20:18:49.087Z",
        "user": 1,
        "content_type": 13,
        "object_id": "13",
        "object_repr": "Moschofilero Boutari",
        "action_flag": 2,
        "change_message": "[{\"changed\": {\"fields\": [\"Description\"]}}]"
    }
}, {
    "model": "admin.logentry",
    "pk": 96,
    "fields": {
        "action_time": "2021-05-16T20:21:37.891Z",
        "user": 1,
        "content_type": 13,
        "object_id": "14",
        "object_repr": "Granger Bay Sauvignon Blanc",
        "action_flag": 2,
        "change_message": "[{\"changed\": {\"fields\": [\"Description\"]}}]"
    }
}, {
    "model": "admin.logentry",
    "pk": 97,
    "fields": {
        "action_time": "2021-05-16T20:24:50.819Z",
        "user": 1,
        "content_type": 13,
        "object_id": "15",
        "object_repr": "Leopard's Leap",
        "action_flag": 2,
        "change_message": "[{\"changed\": {\"fields\": [\"Description\"]}}]"
    }
}, {
    "model": "admin.logentry",
    "pk": 98,
    "fields": {
        "action_time": "2021-05-16T20:28:32.397Z",
        "user": 1,
        "content_type": 13,
        "object_id": "16",
        "object_repr": "Lugana",
        "action_flag": 2,
        "change_message": "[{\"changed\": {\"fields\": [\"Description\"]}}]"
    }
}, {
    "model": "admin.logentry",
    "pk": 99,
    "fields": {
        "action_time": "2021-05-16T20:30:53.427Z",
        "user": 1,
        "content_type": 13,
        "object_id": "17",
        "object_repr": "Nobilo of New Zealand",
        "action_flag": 2,
        "change_message": "[{\"changed\": {\"fields\": [\"Description\"]}}]"
    }
}, {
    "model": "admin.logentry",
    "pk": 100,
    "fields": {
        "action_time": "2021-05-16T20:33:08.987Z",
        "user": 1,
        "content_type": 13,
        "object_id": "18",
        "object_repr": "Lheraud Pineau Blanc",
        "action_flag": 2,
        "change_message": "[{\"changed\": {\"fields\": [\"Description\"]}}]"
    }
}, {
    "model": "admin.logentry",
    "pk": 101,
    "fields": {
        "action_time": "2021-05-25T18:06:44.338Z",
        "user": 1,
        "content_type": 15,
        "object_id": "2",
        "object_repr": "49538F1232BD401CACE0264771192F06",
        "action_flag": 2,
        "change_message": "[{\"changed\": {\"name\": \"order line item\", \"object\": \"SKU fv00003 on order 49538F1232BD401CACE0264771192F06\", \"fields\": [\"Quantity\"]}}]"
    }
}, {
    "model": "admin.logentry",
    "pk": 102,
    "fields": {
        "action_time": "2021-05-31T16:07:34.142Z",
        "user": 1,
        "content_type": 4,
        "object_id": "1",
        "object_repr": "admin",
        "action_flag": 2,
        "change_message": "[{\"changed\": {\"fields\": [\"First name\", \"Last name\"]}}]"
    }
}, {
    "model": "admin.logentry",
    "pk": 103,
    "fields": {
        "action_time": "2021-06-09T19:42:29.488Z",
        "user": 1,
        "content_type": 18,
        "object_id": "1",
        "object_repr": "c1",
        "action_flag": 1,
        "change_message": "[{\"added\": {}}]"
    }
}, {
    "model": "admin.logentry",
    "pk": 104,
    "fields": {
        "action_time": "2021-06-09T19:42:40.512Z",
        "user": 1,
        "content_type": 13,
        "object_id": "1",
        "object_repr": "Chateau Bois Pertuis",
        "action_flag": 2,
        "change_message": "[{\"changed\": {\"fields\": [\"Tastingprofile\"]}}]"
    }
}, {
    "model": "admin.logentry",
    "pk": 105,
    "fields": {
        "action_time": "2021-06-09T19:42:51.341Z",
        "user": 1,
        "content_type": 13,
        "object_id": "2",
        "object_repr": "Estepa Reserve Merlot",
        "action_flag": 2,
        "change_message": "[{\"changed\": {\"fields\": [\"Tastingprofile\"]}}]"
    }
}, {
    "model": "admin.logentry",
    "pk": 106,
    "fields": {
        "action_time": "2021-06-09T19:47:05.138Z",
        "user": 1,
        "content_type": 18,
        "object_id": "1",
        "object_repr": "1",
        "action_flag": 2,
        "change_message": "[{\"changed\": {\"fields\": [\"Name\"]}}]"
    }
}, {
    "model": "auth.user",
    "pk": 1,
    "fields": {
        "password": "pbkdf2_sha256$260000$gWKtYl1eRE40YPDcXkDETP$10StRNIyGns/UfFradfQ9jsbVlfmX+lYksvZsPE24DE=",
        "last_login": "2021-06-09T19:29:25.509Z",
        "is_superuser": true,
        "username": "admin",
        "first_name": "Dan",
        "last_name": "Wright",
        "email": "daniel-g-wright@hotmail.co.uk",
        "is_staff": true,
        "is_active": true,
        "date_joined": "2021-04-26T20:38:31Z",
        "groups": [],
        "user_permissions": []
    }
}, {
    "model": "sessions.session",
    "pk": "19ik00w8ectohljp8zlwpvq9ral6bc7a",
    "fields": {
        "session_data": ".eJxVjUkOgzAMRe_idYWI4zDt2osgOzEFFQWpCSvE3QsVG5b__WkD4Td0G1jozP6Antc89mvSbz8F6MDAjQn7j8bT4Hk-ccHeL2vMxT9z2al4HkpjnjznaYmvq3WbGjmN5wELqorDhoQDlYOi1bYexNTeH1yt9eiIaMAQuJW2RkRXNWKoclgS7D-XiEAU:1lr3tF:QS66aiVchuG92Ay-njLrTq-bZgExnZPMbsnXCW_Jmig",
        "expire_date": "2021-06-23T19:29:25.542Z"
    }
}, {
    "model": "sessions.session",
    "pk": "3ocvzw130qsr03zfr4qkegxr52nalqlq",
    "fields": {
        "session_data": ".eJxVjM0OwiAQhN-FsyEFLD8evfsMZJddpGogKe3J-O62SQ96nPm-mbeIsC4lrp3nOJG4CCVOvx1CenLdAT2g3ptMrS7zhHJX5EG7vDXi1_Vw_w4K9LKt2QKNbEJA0qSTsy4r7TgTZ-8BswKXBxPI6NEPZzLJAQVGS7hFBic-Xw7eOQQ:1lb80i:bly1C3szrNWEfsHUxsG4M7mfA1E0k6E46J0AbtLBzZ4",
        "expire_date": "2021-05-10T20:39:16.891Z"
    }
}, {
    "model": "sessions.session",
    "pk": "crd61b8juiqp8rk79r0vpqrv8zj43mtc",
    "fields": {
        "session_data": ".eJxVjDsOgzAQRO-ydYSwHfyhCxdBa-86oCAjxaZC3D0moqGc92ZmB49v6HcQGnp9PGDErUzjlvk7zgQ9CLgxj-HD6RS4LCduMIR1S6X5dy6dm1dNnMocsMxrGq7V7WrCPNUf1kgdK-c8SZLBaBOFNByJo7Xoo0ATW-VIyc62T1LBIDn2mnyNjAaOH8zVQV8:1ljQPZ:ouOW6kFeYll-zrdycHsIuEY2oSIvy6grljPtYqc-Dog",
        "expire_date": "2021-06-02T17:55:13.121Z"
    }
}, {
    "model": "sessions.session",
    "pk": "ecslr046q2auny25ink16uor1rrsu48u",
    "fields": {
        "session_data": ".eJxVjMEOgyAQRP9lz40RqCLe2h8hC7sEUoOJQC9N_73aePE4783MBwq-2aYcVpjr1vgGFluNthXebCKYQcCFOfQvzofAZTlwh96vLdfu3zl16R574lyTx5rW_DxXl6uIJe4_PCINrIxxJEl6PeogpOZAHKYJXRCoQ68MKTlM_Z2U10iG3Uhuj4wavj94VEOc:1llz1o:87io3QQHG-Bsc5UDRHKiuGgU-CL4ITjT61crorcOvck",
        "expire_date": "2021-06-09T19:17:16.737Z"
    }
}, {
    "model": "sessions.session",
    "pk": "ev10uy5y1cnc43lhs2dq0kokvr0wy43u",
    "fields": {
        "session_data": ".eJxVjM0OwiAQhN-FsyEFLD8evfsMZJddpGogKe3J-O62SQ96nPm-mbeIsC4lrp3nOJG4CCVOvx1CenLdAT2g3ptMrS7zhHJX5EG7vDXi1_Vw_w4K9LKt2QKNbEJA0qSTsy4r7TgTZ-8BswKXBxPI6NEPZzLJAQVGS7hFBic-Xw7eOQQ:1lbJqr:UL7egR-5SH8YJsLt99nPZtMkd-zMgQZxsfIPUs8di70",
        "expire_date": "2021-05-11T09:17:53.812Z"
    }
}, {
    "model": "sites.site",
    "pk": 1,
    "fields": {
        "domain": "example.com",
        "name": "example.com"
    }
}, {
    "model": "account.emailaddress",
    "pk": 1,
    "fields": {
        "user": 1,
        "email": "daniel-g-wright@hotmail.co.uk",
        "verified": true,
        "primary": true
    }
}, {
    "model": "products.category",
    "pk": 1,
    "fields": {
        "name": "red_wine",
        "friendly_name": "Red Wine"
    }
}, {
    "model": "products.category",
    "pk": 2,
    "fields": {
        "name": "white_wine",
        "friendly_name": "White Wine"
    }
}, {
    "model": "products.category",
    "pk": 3,
    "fields": {
        "name": "soft_cheese",
        "friendly_name": "Soft Cheese"
    }
}, {
    "model": "products.category",
    "pk": 4,
    "fields": {
        "name": "hard_cheese",
        "friendly_name": "Hard Cheese"
    }
}, {
    "model": "products.category",
    "pk": 5,
    "fields": {
        "name": "dessert_wine",
        "friendly_name": "Dessert Wine"
    }
}, {
    "model": "products.category",
    "pk": 6,
    "fields": {
        "name": "extras",
        "friendly_name": "Accompaniments"
    }
}, {
    "model": "products.tastingprofile",
    "pk": 1,
    "fields": {
        "name": "1"
    }
}, {
    "model": "products.product",
    "pk": 1,
    "fields": {
        "category": 1,
        "sku": "fv00001",
        "name": "Chateau Bois Pertuis",
        "description": "The first bottle added to FromVin. This rich, delicate blend has a place in our heart. Medium to full bodies, bursting with flavours of Blackcurrant.",
        "price": "10.99",
        "image_url": null,
        "image": "bordeaux1.jpg",
        "tastingprofile": 1
    }
}, {
    "model": "products.product",
    "pk": 2,
    "fields": {
        "category": 1,
        "sku": "fv00002",
        "name": "Estepa Reserve Merlot",
        "description": "Thirst quenching and delectable, this wine can take most of your flavorsome foods and enhance them. Oaky in flavour and medium in body, don't miss out on this one.",
        "price": "12.99",
        "image_url": null,
        "image": "merlot1.jpg",
        "tastingprofile": 1
    }
}, {
    "model": "products.product",
    "pk": 3,
    "fields": {
        "category": 1,
        "sku": "fv00003",
        "name": "La Grande Allee Bordeaux",
        "description": "Heavier than a traditional Bordeaux, the dark fruit aroma will draw you in and the velvet flavour will warm you through.",
        "price": "11.99",
        "image_url": null,
        "image": "bordeaux2.jpg",
        "tastingprofile": null
    }
}, {
    "model": "products.product",
    "pk": 4,
    "fields": {
        "category": 1,
        "sku": "fv00004",
        "name": "Santa Carolina Coupage",
        "description": "Well structured and balanced, this Tinto from the heights of Chile can handle a hearty beef dish or the strongest of cheeses.",
        "price": "13.99",
        "image_url": null,
        "image": "coupage1.jpg",
        "tastingprofile": null
    }
}, {
    "model": "products.product",
    "pk": 5,
    "fields": {
        "category": 1,
        "sku": "fv00005",
        "name": "Penfolds Kalimna",
        "description": "Mineral and Oak abound in this lively blend from Southern Australia. New world wine in an old world style and a wonderful addition to a varied selection.",
        "price": "15.99",
        "image_url": null,
        "image": "kalimna1.jpg",
        "tastingprofile": null
    }
}, {
    "model": "products.product",
    "pk": 6,
    "fields": {
        "category": 1,
        "sku": "fv00006",
        "name": "Nuits Saint Georges",
        "description": "Predominantly made from Pinot Noir, this blend is one of our more distinguished offerings. Named for the patron Saint George, this wine is sturdy in character and holds notes of dark fruits and liquorice. For the collectors, this is also one that grows deeper and stronger with age.",
        "price": "19.99",
        "image_url": null,
        "image": "nuits1.jpg",
        "tastingprofile": null
    }
}, {
    "model": "products.product",
    "pk": 7,
    "fields": {
        "category": 1,
        "sku": "fv00007",
        "name": "Penfolds Grande Hermitage",
        "description": "An excellent mature wine, this Australian star should draw novice and connoisseur enthusiasts alike. A blend of Shiraz and Cabernet Sauvignon, this wine will match a medium to strong cheese with wonderful results.",
        "price": "14.99",
        "image_url": null,
        "image": "penfolds1.jpg",
        "tastingprofile": null
    }
}, {
    "model": "products.product",
    "pk": 8,
    "fields": {
        "category": 1,
        "sku": "fv00008",
        "name": "Portalegre Alentejo",
        "description": "From right on the border between Portugal and Spain, this Portalegre offering is rich and spicy to taste. For a wine that you'll continue tasting long after it's gone, pick this one.",
        "price": "12.99",
        "image_url": null,
        "image": "portalegre1.jpg",
        "tastingprofile": null
    }
}, {
    "model": "products.product",
    "pk": 9,
    "fields": {
        "category": 1,
        "sku": "fv00009",
        "name": "Smith and Hook",
        "description": "French, Oaked and derived from Cabernet Sauivgnon grapes, your senses will be met with Plum, Cherry and Vanilla tones. Great with a variety of foods, this one can be classed as easy drinking and is readily consumed on it's own also.",
        "price": "15.99",
        "image_url": null,
        "image": "smithhook1.jpg",
        "tastingprofile": null
    }
}, {
    "model": "products.product",
    "pk": 10,
    "fields": {
        "category": 1,
        "sku": "fv00010",
        "name": "Swartland Pinotage",
        "description": "A FromVin favourite. This Pinotage is somehow bursting with red berries and plums, yet also offers early tones and aftertastes. We can't recommend this one enough.",
        "price": "14.99",
        "image_url": null,
        "image": "swartland1.jpg",
        "tastingprofile": null
    }
}, {
    "model": "products.product",
    "pk": 11,
    "fields": {
        "category": 1,
        "sku": "fv00011",
        "name": "Thalia Syrah",
        "description": "This Syrah is delectably soft with earth and spice notes. Stemming from Crete, we agree when this wine is described as a refreshing time by the locals who created it.",
        "price": "11.99",
        "image_url": null,
        "image": "thalia1.jpg",
        "tastingprofile": null
    }
}, {
    "model": "products.product",
    "pk": 12,
    "fields": {
        "category": 1,
        "sku": "fv00012",
        "name": "Werken Syrah",
        "description": "A delightful Chilean Syrah. Pair this with a lighter dish to enhance the experience all round.",
        "price": "16.99",
        "image_url": null,
        "image": "werken1.jpg",
        "tastingprofile": null
    }
}, {
    "model": "products.product",
    "pk": 13,
    "fields": {
        "category": 2,
        "sku": "fv00013",
        "name": "Moschofilero Boutari",
        "description": "We're pleased to present this selection from one of the top wineries in Greece. You'll be pleasantly greeted by citrus notes, along with white rose and orange blossom aromas.",
        "price": "13.99",
        "image_url": null,
        "image": "boutari1.jpg",
        "tastingprofile": null
    }
}, {
    "model": "products.product",
    "pk": 14,
    "fields": {
        "category": 2,
        "sku": "fv00014",
        "name": "Granger Bay Sauvignon Blanc",
        "description": "Originating in the Western Cape of South Africa, we give this one a crisp, punchy rating with the overriding flavour of tart grapefruit.",
        "price": "12.99",
        "image_url": null,
        "image": "granger1.jpg",
        "tastingprofile": null
    }
}, {
    "model": "products.product",
    "pk": 15,
    "fields": {
        "category": 2,
        "sku": "fv00015",
        "name": "Leopard's Leap",
        "description": "If you're looking for a pleasing Chardonnay, look no further. None of the oak, all of a delightful combination of lime, buttery biscuit and punchy pear.",
        "price": "13.99",
        "image_url": null,
        "image": "leopardsleap1.jpg",
        "tastingprofile": null
    }
}, {
    "model": "products.product",
    "pk": 16,
    "fields": {
        "category": 2,
        "sku": "fv00016",
        "name": "Lugana",
        "description": "Hailing from a tiny, almost unknown part of Italy this wine belies it's humble origins. Utilising the unique grape Turbiana, white stone fruit and a hint of almond is what will greet you when you crack this one open.",
        "price": "15.99",
        "image_url": null,
        "image": "lugana1.jpg",
        "tastingprofile": null
    }
}, {
    "model": "products.product",
    "pk": 17,
    "fields": {
        "category": 2,
        "sku": "fv00017",
        "name": "Nobilo of New Zealand",
        "description": "A wonderfully fruity sauvignon which will leaving you wanting more of it's mixture of pinapple, and passionfruit flavours. On the nose, you'll find it to have hints of herbals and elderflower.",
        "price": "10.99",
        "image_url": null,
        "image": "nobilo1.jpg",
        "tastingprofile": null
    }
}, {
    "model": "products.product",
    "pk": 18,
    "fields": {
        "category": 2,
        "sku": "fv00018",
        "name": "Lheraud Pineau Blanc",
        "description": "Known for their cognac, Lheraud also make a wonderful bottle of wine. Deep in flavour and much fuller than your average white, this smooth offering will leave you craving just another glass.",
        "price": "19.99",
        "image_url": null,
        "image": "pineau1.jpg",
        "tastingprofile": null
    }
}, {
    "model": "products.product",
    "pk": 19,
    "fields": {
        "category": 2,
        "sku": "fv00019",
        "name": "FB - Privat",
        "description": "desc",
        "price": "12.99",
        "image_url": null,
        "image": "privat1.jpg",
        "tastingprofile": null
    }
}, {
    "model": "products.product",
    "pk": 20,
    "fields": {
        "category": 2,
        "sku": "fv00020",
        "name": "Rheingau Riesling",
        "description": "desc",
        "price": "17.99",
        "image_url": null,
        "image": "riesling1.jpg",
        "tastingprofile": null
    }
}, {
    "model": "products.product",
    "pk": 21,
    "fields": {
        "category": 2,
        "sku": "fv00021",
        "name": "Schoffit of Alsace",
        "description": "desc",
        "price": "21.99",
        "image_url": null,
        "image": "schoffit1.jpg",
        "tastingprofile": null
    }
}, {
    "model": "products.product",
    "pk": 22,
    "fields": {
        "category": 2,
        "sku": "fv00022",
        "name": "Tokaji Aszu",
        "description": "desc",
        "price": "18.99",
        "image_url": null,
        "image": "tokaji1.jpg",
        "tastingprofile": null
    }
}, {
    "model": "products.product",
    "pk": 23,
    "fields": {
        "category": 2,
        "sku": "fv00023",
        "name": "Waterside Chardonnay",
        "description": "desc",
        "price": "13.99",
        "image_url": null,
        "image": "waterside1.jpg",
        "tastingprofile": null
    }
}, {
    "model": "products.product",
    "pk": 24,
    "fields": {
        "category": 2,
        "sku": "fv00024",
        "name": "Willamette Valley Pinot Blanc",
        "description": "desc",
        "price": "19.99",
        "image_url": null,
        "image": "williamette1.jpg",
        "tastingprofile": null
    }
}, {
    "model": "products.product",
    "pk": 25,
    "fields": {
        "category": 5,
        "sku": "fv00025",
        "name": "Delaforce Ruby Port",
        "description": "desc",
        "price": "26.99",
        "image_url": null,
        "image": "delaforce1.jpg",
        "tastingprofile": null
    }
}, {
    "model": "products.product",
    "pk": 26,
    "fields": {
        "category": 5,
        "sku": "fv00026",
        "name": "Ferreira Port",
        "description": "desc",
        "price": "28.99",
        "image_url": null,
        "image": "ferreira1.png",
        "tastingprofile": null
    }
}, {
    "model": "products.product",
    "pk": 27,
    "fields": {
        "category": 5,
        "sku": "fv00027",
        "name": "Cruz Port of Porto",
        "description": "desc",
        "price": "25.99",
        "image_url": null,
        "image": "cruz1.jpg",
        "tastingprofile": null
    }
}, {
    "model": "products.product",
    "pk": 28,
    "fields": {
        "category": 5,
        "sku": "fv00028",
        "name": "Chateau d'Uquem Sauternes",
        "description": "desc",
        "price": "28.99",
        "image_url": null,
        "image": "sauternes1.png",
        "tastingprofile": null
    }
}, {
    "model": "products.product",
    "pk": 29,
    "fields": {
        "category": 5,
        "sku": "fv00029",
        "name": "Chateau Guilhem Sauternes",
        "description": "desc",
        "price": "31.99",
        "image_url": null,
        "image": "sauternes2.jpg",
        "tastingprofile": null
    }
}, {
    "model": "products.product",
    "pk": 30,
    "fields": {
        "category": 3,
        "sku": "fv00030",
        "name": "Chateau de Grande Camembert",
        "description": "desc",
        "price": "3.50",
        "image_url": null,
        "image": "soft1.jpg",
        "tastingprofile": null
    }
}, {
    "model": "products.product",
    "pk": 31,
    "fields": {
        "category": 3,
        "sku": "fv00031",
        "name": "Fougerus de France",
        "description": "desc",
        "price": "3.99",
        "image_url": null,
        "image": "soft2.jpg",
        "tastingprofile": null
    }
}, {
    "model": "products.product",
    "pk": 32,
    "fields": {
        "category": 3,
        "sku": "fv00032",
        "name": "Saint Albray",
        "description": "desc",
        "price": "2.99",
        "image_url": null,
        "image": "soft3.jpg",
        "tastingprofile": null
    }
}, {
    "model": "products.product",
    "pk": 33,
    "fields": {
        "category": 3,
        "sku": "fv00033",
        "name": "Limburger",
        "description": "desc",
        "price": "3.99",
        "image_url": null,
        "image": "soft4.jpg",
        "tastingprofile": null
    }
}, {
    "model": "products.product",
    "pk": 34,
    "fields": {
        "category": 3,
        "sku": "fv00034",
        "name": "Chevre of South France",
        "description": "desc",
        "price": "2.99",
        "image_url": null,
        "image": "soft5.jpg",
        "tastingprofile": null
    }
}, {
    "model": "products.product",
    "pk": 35,
    "fields": {
        "category": 3,
        "sku": "fv00035",
        "name": "Coeur de Bray",
        "description": "desc",
        "price": "3.79",
        "image_url": null,
        "image": "soft6.jpg",
        "tastingprofile": null
    }
}, {
    "model": "products.product",
    "pk": 36,
    "fields": {
        "category": 3,
        "sku": "fv00036",
        "name": "Brie D'Auvergne",
        "description": "desc",
        "price": "3.29",
        "image_url": null,
        "image": "soft7.jpg",
        "tastingprofile": null
    }
}, {
    "model": "products.product",
    "pk": 37,
    "fields": {
        "category": 3,
        "sku": "fv00037",
        "name": "Fontina of Italy",
        "description": "desc",
        "price": "3.59",
        "image_url": null,
        "image": "soft8.jpg",
        "tastingprofile": null
    }
}, {
    "model": "products.product",
    "pk": 38,
    "fields": {
        "category": 3,
        "sku": "fv00038",
        "name": "French Munster",
        "description": "desc",
        "price": "2.99",
        "image_url": null,
        "image": "soft9.jpg",
        "tastingprofile": null
    }
}, {
    "model": "products.product",
    "pk": 39,
    "fields": {
        "category": 3,
        "sku": "fv00039",
        "name": "Ash-Coated Ricotta",
        "description": "desc",
        "price": "3.99",
        "image_url": null,
        "image": "soft10.jpg",
        "tastingprofile": null
    }
}, {
    "model": "products.product",
    "pk": 40,
    "fields": {
        "category": 3,
        "sku": "fv00040",
        "name": "Chaumes",
        "description": "desc",
        "price": "2.99",
        "image_url": null,
        "image": "soft11.jpg",
        "tastingprofile": null
    }
}, {
    "model": "products.product",
    "pk": 41,
    "fields": {
        "category": 3,
        "sku": "fv00041",
        "name": "Gorgonzola",
        "description": "desc",
        "price": "3.29",
        "image_url": null,
        "image": "soft12.jpg",
        "tastingprofile": null
    }
}, {
    "model": "products.product",
    "pk": 42,
    "fields": {
        "category": 4,
        "sku": "fv00042",
        "name": "Jarlsberg",
        "description": "desc",
        "price": "2.99",
        "image_url": null,
        "image": "hard1.jpg",
        "tastingprofile": null
    }
}, {
    "model": "products.product",
    "pk": 43,
    "fields": {
        "category": 4,
        "sku": "fv00043",
        "name": "Gruyere",
        "description": "desc",
        "price": "2.59",
        "image_url": null,
        "image": "hard2.jpg",
        "tastingprofile": null
    }
}, {
    "model": "products.product",
    "pk": 44,
    "fields": {
        "category": 4,
        "sku": "fv00044",
        "name": "Munster of Germany",
        "description": "desc",
        "price": "3.59",
        "image_url": null,
        "image": "hard3.jpg",
        "tastingprofile": null
    }
}, {
    "model": "products.product",
    "pk": 45,
    "fields": {
        "category": 4,
        "sku": "fv00045",
        "name": "Edam",
        "description": "desc",
        "price": "2.99",
        "image_url": null,
        "image": "hard4.jpg",
        "tastingprofile": null
    }
}, {
    "model": "products.product",
    "pk": 46,
    "fields": {
        "category": 4,
        "sku": "fv00046",
        "name": "Red Dragon",
        "description": "desc",
        "price": "3.99",
        "image_url": null,
        "image": "hard5.jpg",
        "tastingprofile": null
    }
}, {
    "model": "products.product",
    "pk": 47,
    "fields": {
        "category": 4,
        "sku": "fv00047",
        "name": "Colby Jack",
        "description": "desc",
        "price": "4.29",
        "image_url": null,
        "image": "hard6.jpg",
        "tastingprofile": null
    }
}, {
    "model": "products.product",
    "pk": 48,
    "fields": {
        "category": 4,
        "sku": "fv00048",
        "name": "Cabrales of Spain",
        "description": "desc",
        "price": "2.99",
        "image_url": null,
        "image": "hard7.jpg",
        "tastingprofile": null
    }
}, {
    "model": "products.product",
    "pk": 49,
    "fields": {
        "category": 4,
        "sku": "fv00049",
        "name": "Red Windsor",
        "description": "desc",
        "price": "3.99",
        "image_url": null,
        "image": "hard8.jpg",
        "tastingprofile": null
    }
}, {
    "model": "products.product",
    "pk": 50,
    "fields": {
        "category": 4,
        "sku": "fv00050",
        "name": "Meule D'Alsace",
        "description": "desc",
        "price": "3.29",
        "image_url": null,
        "image": "hard9.jpg",
        "tastingprofile": null
    }
}, {
    "model": "products.product",
    "pk": 51,
    "fields": {
        "category": 4,
        "sku": "fv00051",
        "name": "Zamorano",
        "description": "desc",
        "price": "2.99",
        "image_url": null,
        "image": "hard10.jpg",
        "tastingprofile": null
    }
}, {
    "model": "products.product",
    "pk": 52,
    "fields": {
        "category": 4,
        "sku": "fv00052",
        "name": "Parmigiano-Reggiano",
        "description": "desc",
        "price": "3.99",
        "image_url": null,
        "image": "hard11.jpg",
        "tastingprofile": null
    }
}, {
    "model": "products.product",
    "pk": 53,
    "fields": {
        "category": 4,
        "sku": "fv00053",
        "name": "Port Salut",
        "description": "desc",
        "price": "3.69",
        "image_url": null,
        "image": "hard12.jpg",
        "tastingprofile": null
    }
}, {
    "model": "products.product",
    "pk": 54,
    "fields": {
        "category": 6,
        "sku": "fv00054",
        "name": "Sensational Striped White",
        "description": "desc",
        "price": "2.50",
        "image_url": null,
        "image": "bread1.jpg",
        "tastingprofile": null
    }
}, {
    "model": "products.product",
    "pk": 55,
    "fields": {
        "category": 6,
        "sku": "fv00055",
        "name": "Stonebaked Round",
        "description": "desc",
        "price": "2.99",
        "image_url": null,
        "image": "bread2.jpg",
        "tastingprofile": null
    }
}, {
    "model": "products.product",
    "pk": 56,
    "fields": {
        "category": 6,
        "sku": "fv00056",
        "name": "Seeded Artisan",
        "description": "desc",
        "price": "2.99",
        "image_url": null,
        "image": "bread3.jpg",
        "tastingprofile": null
    }
}, {
    "model": "products.product",
    "pk": 57,
    "fields": {
        "category": 6,
        "sku": "fv00057",
        "name": "Long Rye French Stick",
        "description": "desc",
        "price": "2.99",
        "image_url": null,
        "image": "bread4.jpg",
        "tastingprofile": null
    }
}, {
    "model": "products.product",
    "pk": 58,
    "fields": {
        "category": 6,
        "sku": "fv00058",
        "name": "Black and Blueberry Chutney",
        "description": "desc",
        "price": "4.29",
        "image_url": null,
        "image": "chutney1.jpg",
        "tastingprofile": null
    }
}, {
    "model": "products.product",
    "pk": 59,
    "fields": {
        "category": 6,
        "sku": "fv00059",
        "name": "Red Onion Chutney",
        "description": "desc",
        "price": "2.89",
        "image_url": null,
        "image": "chutney2.jpg",
        "tastingprofile": null
    }
}, {
    "model": "products.product",
    "pk": 60,
    "fields": {
        "category": 6,
        "sku": "fv00060",
        "name": "Apricot Chutney",
        "description": "desc",
        "price": "3.29",
        "image_url": null,
        "image": "chutney3.jpg",
        "tastingprofile": null
    }
}, {
    "model": "products.product",
    "pk": 61,
    "fields": {
        "category": 6,
        "sku": "fv00061",
        "name": "Wholewheat Crackers",
        "description": "desc",
        "price": "1.99",
        "image_url": null,
        "image": "crackers1.jpg",
        "tastingprofile": null
    }
}, {
    "model": "products.product",
    "pk": 62,
    "fields": {
        "category": 6,
        "sku": "fv00062",
        "name": "Dark Wheat Crackers",
        "description": "desc",
        "price": "1.89",
        "image_url": null,
        "image": "crackers2.jpg",
        "tastingprofile": null
    }
}, {
    "model": "checkout.order",
    "pk": 1,
    "fields": {
        "order_number": "EF5916A5E5C0413AA48E519F75E5F054",
        "user_profile": null,
        "full_name": "test test",
        "email": "test@test.com",
        "phone_number": "03456442343",
        "country": "United Kingdom",
        "postcode": "12345",
        "town_or_city": "anywhere",
        "street_address1": "anywhere",
        "street_address2": "anywhere",
        "county": "anywhere",
        "date": "2021-05-25T18:02:37.337Z",
        "delivery_cost": "0.00",
        "order_total": "75.72",
        "grand_total": "75.72",
        "original_bag": "",
        "stripe_pid": ""
    }
}, {
    "model": "checkout.order",
    "pk": 2,
    "fields": {
        "order_number": "49538F1232BD401CACE0264771192F06",
        "user_profile": null,
        "full_name": "test test",
        "email": "test@test.com",
        "phone_number": "03456442343",
        "country": "United Kingdom",
        "postcode": "12345",
        "town_or_city": "anywhere",
        "street_address1": "anywhere",
        "street_address2": "anywhere",
        "county": "anywhere",
        "date": "2021-05-25T18:05:57.138Z",
        "delivery_cost": "4.80",
        "order_total": "47.96",
        "grand_total": "52.76",
        "original_bag": "",
        "stripe_pid": ""
    }
}, {
    "model": "checkout.order",
    "pk": 3,
    "fields": {
        "order_number": "137D941285ED4878AF60F636FB417865",
        "user_profile": null,
        "full_name": "test test",
        "email": "test@test.com",
        "phone_number": "03456442343",
        "country": "United Kingdom",
        "postcode": "12345",
        "town_or_city": "anywhere",
        "street_address1": "anywhere",
        "street_address2": "anywhere",
        "county": "anywhere",
        "date": "2021-05-25T18:12:34.834Z",
        "delivery_cost": "1.04",
        "order_total": "10.36",
        "grand_total": "11.40",
        "original_bag": "",
        "stripe_pid": ""
    }
}, {
    "model": "checkout.order",
    "pk": 4,
    "fields": {
        "order_number": "9B3147C0C5E14FC0BBF46D4777692D38",
        "user_profile": null,
        "full_name": "test test",
        "email": "test@test.com",
        "phone_number": "03456442343",
        "country": "United Kingdom",
        "postcode": "12345",
        "town_or_city": "anywhere",
        "street_address1": "anywhere",
        "street_address2": "anywhere",
        "county": "anywhere",
        "date": "2021-05-25T18:31:31.161Z",
        "delivery_cost": "6.50",
        "order_total": "64.95",
        "grand_total": "71.44",
        "original_bag": "",
        "stripe_pid": ""
    }
}, {
    "model": "checkout.order",
    "pk": 5,
    "fields": {
        "order_number": "F572CC1F2A8D4A5785BD59453817EB59",
        "user_profile": null,
        "full_name": "test test",
        "email": "test@test.com",
        "phone_number": "03456442343",
        "country": "GB",
        "postcode": "12345",
        "town_or_city": "anywhere",
        "street_address1": "anywhere",
        "street_address2": "anywhere",
        "county": "anywhere",
        "date": "2021-05-26T08:17:01.048Z",
        "delivery_cost": "5.09",
        "order_total": "50.94",
        "grand_total": "56.03",
        "original_bag": "",
        "stripe_pid": ""
    }
}, {
    "model": "checkout.order",
    "pk": 6,
    "fields": {
        "order_number": "339E29C2D44E4D5FB81F7374D32C3D01",
        "user_profile": null,
        "full_name": "test test",
        "email": "test@test.com",
        "phone_number": "03456442343",
        "country": "GB",
        "postcode": "12345",
        "town_or_city": "anywhere",
        "street_address1": "anywhere",
        "street_address2": "anywhere",
        "county": "anywhere",
        "date": "2021-05-26T18:26:54.195Z",
        "delivery_cost": "5.50",
        "order_total": "54.95",
        "grand_total": "60.44",
        "original_bag": "{\"17\": 5}",
        "stripe_pid": "pi_1IvRRBI9NenGSyIfDsxzTJr0"
    }
}, {
    "model": "checkout.order",
    "pk": 7,
    "fields": {
        "order_number": "BF6FE3BDC62C477CB09581804B2F6DE3",
        "user_profile": null,
        "full_name": "test test",
        "email": "test@test.com",
        "phone_number": "03456442343",
        "country": "GB",
        "postcode": "12345",
        "town_or_city": "anywhere",
        "street_address1": "anywhere",
        "street_address2": "anywhere",
        "county": "anywhere",
        "date": "2021-05-26T19:03:25.206Z",
        "delivery_cost": "3.90",
        "order_total": "38.97",
        "grand_total": "42.87",
        "original_bag": "{\"19\": 3}",
        "stripe_pid": "pi_1IvS0QI9NenGSyIfbuDRf9uc"
    }
}, {
    "model": "checkout.order",
    "pk": 8,
    "fields": {
        "order_number": "080E48028C5249B090F95DA4E1C76D26",
        "user_profile": null,
        "full_name": "test test",
        "email": "test@test.com",
        "phone_number": "03456442343",
        "country": "GB",
        "postcode": "12345",
        "town_or_city": "anywhere",
        "street_address1": "anywhere",
        "street_address2": "anywhere",
        "county": "anywhere",
        "date": "2021-05-26T19:13:13.987Z",
        "delivery_cost": "4.20",
        "order_total": "41.97",
        "grand_total": "46.17",
        "original_bag": "{\"15\": 3}",
        "stripe_pid": "pi_1IvS9zI9NenGSyIf7iHQuVn8"
    }
}, {
    "model": "checkout.order",
    "pk": 9,
    "fields": {
        "order_number": "563E72959F804E1FB2DAE80F8A2E9A40",
        "user_profile": null,
        "full_name": "test test",
        "email": "test@test.com",
        "phone_number": "03456442343",
        "country": "GB",
        "postcode": "12345",
        "town_or_city": "anywhere",
        "street_address1": "anywhere",
        "street_address2": "anywhere",
        "county": "anywhere",
        "date": "2021-05-26T19:16:40.495Z",
        "delivery_cost": "2.60",
        "order_total": "25.98",
        "grand_total": "28.58",
        "original_bag": "{\"2\": 2}",
        "stripe_pid": "pi_1IvSDOI9NenGSyIfIqeOreQL"
    }
}, {
    "model": "checkout.order",
    "pk": 10,
    "fields": {
        "order_number": "8F278004F78D4382A4D9553F02C3A4AC",
        "user_profile": null,
        "full_name": "test test",
        "email": "test@test.com",
        "phone_number": "03456442343",
        "country": "GB",
        "postcode": "12345",
        "town_or_city": "anywhere",
        "street_address1": "anywhere",
        "street_address2": "anywhere",
        "county": "anywhere",
        "date": "2021-05-26T19:17:16.608Z",
        "delivery_cost": "4.20",
        "order_total": "41.97",
        "grand_total": "46.17",
        "original_bag": "{\"13\": 3}",
        "stripe_pid": "pi_1IvSE0I9NenGSyIfshoHJ0nm"
    }
}, {
    "model": "checkout.order",
    "pk": 11,
    "fields": {
        "order_number": "486BFF0338004A58BE89BB35B6B8A880",
        "user_profile": null,
        "full_name": "test test",
        "email": "test@test.com",
        "phone_number": "03456442343",
        "country": "GB",
        "postcode": "12345",
        "town_or_city": "anywhere",
        "street_address1": "anywhere",
        "street_address2": "anywhere",
        "county": "anywhere",
        "date": "2021-05-31T11:05:35.079Z",
        "delivery_cost": "2.80",
        "order_total": "27.98",
        "grand_total": "30.78",
        "original_bag": "{\"13\": 2}",
        "stripe_pid": "pi_1Ix8vlI9NenGSyIfwMy0kl6k"
    }
}, {
    "model": "checkout.order",
    "pk": 12,
    "fields": {
        "order_number": "458B1CF380A44E0596789C68AF6890FB",
        "user_profile": null,
        "full_name": "test test",
        "email": "test@test.com",
        "phone_number": "03456442343",
        "country": "GB",
        "postcode": "12345",
        "town_or_city": "anywhere",
        "street_address1": "anywhere",
        "street_address2": "anywhere",
        "county": "anywhere",
        "date": "2021-05-31T11:09:51.719Z",
        "delivery_cost": "1.20",
        "order_total": "11.97",
        "grand_total": "13.17",
        "original_bag": "{\"31\": 3}",
        "stripe_pid": "pi_1Ix8yCI9NenGSyIfupgJjgf1"
    }
}, {
    "model": "checkout.order",
    "pk": 13,
    "fields": {
        "order_number": "22E935935CE44208B5648F8E7852DB48",
        "user_profile": null,
        "full_name": "Dan",
        "email": "dan@dan.com",
        "phone_number": "079435645654",
        "country": "GB",
        "postcode": "de221gb",
        "town_or_city": "anywheresville",
        "street_address1": "here",
        "street_address2": "there",
        "county": "anywhere",
        "date": "2021-05-31T11:13:15.980Z",
        "delivery_cost": "2.80",
        "order_total": "27.98",
        "grand_total": "30.78",
        "original_bag": "{\"4\": 2}",
        "stripe_pid": "pi_1Ix92eI9NenGSyIfBDT57auF"
    }
}, {
    "model": "checkout.order",
    "pk": 14,
    "fields": {
        "order_number": "CDEAFB20CF144AB0A9E21BCA4C0DC568",
        "user_profile": null,
        "full_name": "test test",
        "email": "test@test.com",
        "phone_number": "03456442343",
        "country": "GB",
        "postcode": "12345",
        "town_or_city": "anywhere",
        "street_address1": "anywhere",
        "street_address2": "anywhere",
        "county": "anywhere",
        "date": "2021-05-31T11:16:30.195Z",
        "delivery_cost": "1.40",
        "order_total": "13.99",
        "grand_total": "15.39",
        "original_bag": "{\"13\": 1}",
        "stripe_pid": "pi_1Ix96UI9NenGSyIfUArfGgUX"
    }
}, {
    "model": "checkout.order",
    "pk": 15,
    "fields": {
        "order_number": "470E2002A3C24404A2B7FC7AB69A45EC",
        "user_profile": 1,
        "full_name": "Dan Wright",
        "email": "dan@dan.com",
        "phone_number": "01234567890",
        "country": "GB",
        "postcode": "PO1 5TG",
        "town_or_city": "Townytown",
        "street_address1": "Street1",
        "street_address2": "Street2",
        "county": "CountyTown",
        "date": "2021-05-31T15:22:45.615Z",
        "delivery_cost": "0.26",
        "order_total": "2.59",
        "grand_total": "2.85",
        "original_bag": "{\"43\": 1}",
        "stripe_pid": "pi_1IxCwXI9NenGSyIfUC3fhMok"
    }
}, {
    "model": "checkout.order",
    "pk": 16,
    "fields": {
        "order_number": "74FA26EDB278464E9AEE57F560CCAEC7",
        "user_profile": 1,
        "full_name": "Dan Wright",
        "email": "daniel-g-wright@hotmail.co.uk",
        "phone_number": "01234567890",
        "country": "GB",
        "postcode": "PO1 5TS",
        "town_or_city": "Townytown",
        "street_address1": "Street1",
        "street_address2": "Street2",
        "county": "CountyTown",
        "date": "2021-05-31T16:08:18.175Z",
        "delivery_cost": "3.90",
        "order_total": "38.97",
        "grand_total": "42.87",
        "original_bag": "{\"2\": 3}",
        "stripe_pid": "pi_1IxDekI9NenGSyIftIU0F0sQ"
    }
}, {
    "model": "checkout.order",
    "pk": 17,
    "fields": {
        "order_number": "E8733EE29B0C4E658DBBFC1956263BA2",
        "user_profile": 1,
        "full_name": "Dan Wright",
        "email": "daniel-g-wright@hotmail.co.uk",
        "phone_number": "01234567890",
        "country": "GB",
        "postcode": "PO1 5TS",
        "town_or_city": "Townytown",
        "street_address1": "Street1",
        "street_address2": "Street2",
        "county": "CountyTown",
        "date": "2021-05-31T16:21:17.157Z",
        "delivery_cost": "4.80",
        "order_total": "47.97",
        "grand_total": "52.77",
        "original_bag": "{\"5\": 3}",
        "stripe_pid": "pi_1IxDrOI9NenGSyIfgnGC9eI2"
    }
}, {
    "model": "checkout.order",
    "pk": 18,
    "fields": {
        "order_number": "381FDE7B9F8C43E2A57A159B71912D9D",
        "user_profile": 1,
        "full_name": "Dan Wright",
        "email": "daniel-g-wright@hotmail.co.uk",
        "phone_number": "03456442343",
        "country": "GB",
        "postcode": "12345",
        "town_or_city": "anywhere",
        "street_address1": "anywhere",
        "street_address2": "anywhere",
        "county": "anywhere",
        "date": "2021-05-31T21:26:36.955Z",
        "delivery_cost": "2.80",
        "order_total": "27.98",
        "grand_total": "30.78",
        "original_bag": "{\"4\": 2}",
        "stripe_pid": "pi_1IxIcpI9NenGSyIfJHh8sPxo"
    }
}, {
    "model": "checkout.order",
    "pk": 19,
    "fields": {
        "order_number": "DD35ACE812DC4730B81BD2698D60F082",
        "user_profile": 1,
        "full_name": "Dan Wright",
        "email": "daniel-g-wright@hotmail.co.uk",
        "phone_number": "03456442343",
        "country": "GB",
        "postcode": "12345",
        "town_or_city": "anywhere",
        "street_address1": "anywhere",
        "street_address2": "anywhere",
        "county": "anywhere",
        "date": "2021-05-31T22:04:59.597Z",
        "delivery_cost": "1.30",
        "order_total": "12.99",
        "grand_total": "14.29",
        "original_bag": "{\"2\": 1}",
        "stripe_pid": "pi_1IxJDkI9NenGSyIfxTDLmJ81"
    }
}, {
    "model": "checkout.orderlineitem",
    "pk": 1,
    "fields": {
        "order": 1,
        "product": 2,
        "product_size": null,
        "quantity": 5,
        "lineitem_total": "64.95"
    }
}, {
    "model": "checkout.orderlineitem",
    "pk": 2,
    "fields": {
        "order": 1,
        "product": 44,
        "product_size": null,
        "quantity": 3,
        "lineitem_total": "10.77"
    }
}, {
    "model": "checkout.orderlineitem",
    "pk": 3,
    "fields": {
        "order": 2,
        "product": 3,
        "product_size": null,
        "quantity": 4,
        "lineitem_total": "47.96"
    }
}, {
    "model": "checkout.orderlineitem",
    "pk": 4,
    "fields": {
        "order": 3,
        "product": 43,
        "product_size": null,
        "quantity": 4,
        "lineitem_total": "10.36"
    }
}, {
    "model": "checkout.orderlineitem",
    "pk": 5,
    "fields": {
        "order": 4,
        "product": 14,
        "product_size": null,
        "quantity": 5,
        "lineitem_total": "64.95"
    }
}, {
    "model": "checkout.orderlineitem",
    "pk": 6,
    "fields": {
        "order": 5,
        "product": 32,
        "product_size": null,
        "quantity": 3,
        "lineitem_total": "8.97"
    }
}, {
    "model": "checkout.orderlineitem",
    "pk": 7,
    "fields": {
        "order": 5,
        "product": 15,
        "product_size": null,
        "quantity": 3,
        "lineitem_total": "41.97"
    }
}, {
    "model": "checkout.orderlineitem",
    "pk": 8,
    "fields": {
        "order": 6,
        "product": 17,
        "product_size": null,
        "quantity": 5,
        "lineitem_total": "54.95"
    }
}, {
    "model": "checkout.orderlineitem",
    "pk": 9,
    "fields": {
        "order": 7,
        "product": 19,
        "product_size": null,
        "quantity": 3,
        "lineitem_total": "38.97"
    }
}, {
    "model": "checkout.orderlineitem",
    "pk": 10,
    "fields": {
        "order": 8,
        "product": 15,
        "product_size": null,
        "quantity": 3,
        "lineitem_total": "41.97"
    }
}, {
    "model": "checkout.orderlineitem",
    "pk": 11,
    "fields": {
        "order": 9,
        "product": 2,
        "product_size": null,
        "quantity": 2,
        "lineitem_total": "25.98"
    }
}, {
    "model": "checkout.orderlineitem",
    "pk": 12,
    "fields": {
        "order": 10,
        "product": 13,
        "product_size": null,
        "quantity": 3,
        "lineitem_total": "41.97"
    }
}, {
    "model": "checkout.orderlineitem",
    "pk": 13,
    "fields": {
        "order": 11,
        "product": 13,
        "product_size": null,
        "quantity": 2,
        "lineitem_total": "27.98"
    }
}, {
    "model": "checkout.orderlineitem",
    "pk": 14,
    "fields": {
        "order": 12,
        "product": 31,
        "product_size": null,
        "quantity": 3,
        "lineitem_total": "11.97"
    }
}, {
    "model": "checkout.orderlineitem",
    "pk": 15,
    "fields": {
        "order": 13,
        "product": 4,
        "product_size": null,
        "quantity": 2,
        "lineitem_total": "27.98"
    }
}, {
    "model": "checkout.orderlineitem",
    "pk": 16,
    "fields": {
        "order": 14,
        "product": 13,
        "product_size": null,
        "quantity": 1,
        "lineitem_total": "13.99"
    }
}, {
    "model": "checkout.orderlineitem",
    "pk": 17,
    "fields": {
        "order": 15,
        "product": 43,
        "product_size": null,
        "quantity": 1,
        "lineitem_total": "2.59"
    }
}, {
    "model": "checkout.orderlineitem",
    "pk": 18,
    "fields": {
        "order": 16,
        "product": 2,
        "product_size": null,
        "quantity": 3,
        "lineitem_total": "38.97"
    }
}, {
    "model": "checkout.orderlineitem",
    "pk": 19,
    "fields": {
        "order": 17,
        "product": 5,
        "product_size": null,
        "quantity": 3,
        "lineitem_total": "47.97"
    }
}, {
    "model": "checkout.orderlineitem",
    "pk": 20,
    "fields": {
        "order": 18,
        "product": 4,
        "product_size": null,
        "quantity": 2,
        "lineitem_total": "27.98"
    }
}, {
    "model": "checkout.orderlineitem",
    "pk": 21,
    "fields": {
        "order": 19,
        "product": 2,
        "product_size": null,
        "quantity": 1,
        "lineitem_total": "12.99"
    }
}, {
    "model": "profiles.userprofile",
    "pk": 1,
    "fields": {
        "user": 1,
        "default_phone_number": "03456442343",
        "default_street_address1": "anywhere",
        "default_street_address2": "anywhere",
        "default_town_or_city": "anywhere",
        "default_county": "anywhere",
        "default_country": "GB",
        "default_postcode": "12345"
    }
}]